"Sl.no","Season","Grid_type","Grid_no","Macrohabitat","Microhabitat","Temperature","pH","log volume","Latititude","Longitude","Prevalence","Total mosquito emerged","Aedes aegypti","Aedes albopictus","Aedes vitatus","Anopheles culicifacies","Anopheles sinensis","Anopheles stephensi","Anopheles vagus","Anopheles varuna","Culex bitaeniorhynchus","Culex gelidus","Culex mimeticus","Culex quinquefasciatus","Culex tritaeniorhynchus","Tripteroides affinis","Tripteroides aranoides","Armigeres subalbatus","coocurrencia"
1,"feb-march","Index",17,"High dense","Discarded containers",24.2,8.6,3,13.068969,77.555061,1,32,32,0,0,0,0,0,0,0,0,0,0,0,0,0,0,0,0
2,"july-september","Index",8,"Medium dense","Discarded containers",29.2,8.8,2.39794000867204,13.09282,77.600673,0,0,0,0,0,0,0,0,0,0,0,0,0,0,0,0,0,0,0
3,"april-june","Index",40,"Barren Land","Storage containers",28.2,8.1,4.69897000433602,12.947139,77.589507,0,0,0,0,0,0,0,0,0,0,0,0,0,0,0,0,0,0,0
4,"july-september","Index",8,"Medium dense","Coconut Shells",26.3,8.2,2.17609125905568,13.092845,77.600287,0,0,0,0,0,0,0,0,0,0,0,0,0,0,0,0,0,0,0
5,"july-september","Index",8,"Medium dense","Coconut Shells",25.7,7.5,2.17609125905568,13.092908,77.600127,0,0,0,0,0,0,0,0,0,0,0,0,0,0,0,0,0,0,0
6,"feb-march","Index",17,"High dense","Grinding stones",24.3,8.6,2.30102999566398,13.068329,77.555598,0,0,0,0,0,0,0,0,0,0,0,0,0,0,0,0,0,0,0
7,"october-december","Index",3,"Lake","Pots",28.3,7.9,2.39794000867204,13.108523,77.601611,0,0,0,0,0,0,0,0,0,0,0,0,0,0,0,0,0,0,0
8,"july-september","Index",8,"Medium dense","Storage containers",34.4,8.6,3,13.092679,77.599925,1,3,3,0,0,0,0,0,0,0,0,0,0,0,0,0,0,0,0
9,"feb-march","Index",17,"High dense","Plant axils",25.5,8.3,0.698970004336019,13.068264,77.555821,0,0,0,0,0,0,0,0,0,0,0,0,0,0,0,0,0,0,0
10,"october-december","Index",2,"Lake","Pots",29.2,8.8,2.90308998699194,13.114582,77.600115,0,0,0,0,0,0,0,0,0,0,0,0,0,0,0,0,0,0,0
11,"july-september","Index",8,"Medium dense","Storage containers",29.1,8.4,3.69897000433602,13.093023,77.5999443,0,0,0,0,0,0,0,0,0,0,0,0,0,0,0,0,0,0,0
12,"october-december","Index",2,"Lake","Coconut Shells",29.1,6.8,2,13.114586,77.600566,0,0,0,0,0,0,0,0,0,0,0,0,0,0,0,0,0,0,0
13,"october-december","Index",2,"Lake","Grinding stones",27.1,8.1,2.60205999132796,13.114572,77.600581,0,0,0,0,0,0,0,0,0,0,0,0,0,0,0,0,0,0,0
14,"feb-march","Index",17,"High dense","Discarded containers",26.1,8.4,2.30102999566398,13.067549,77.554911,0,0,0,0,0,0,0,0,0,0,0,0,0,0,0,0,0,0,0
15,"july-september","Index",9,"Medium dense","Discarded containers",28.8,8.6,1.84509804001426,13.112835,77.609681,1,3,0,3,0,0,0,0,0,0,0,0,0,0,0,0,0,0,0
16,"october-december","Index",2,"Lake","Coconut Shells",26.9,6.8,2.17609125905568,13.113667,77.600176,0,0,0,0,0,0,0,0,0,0,0,0,0,0,0,0,0,0,0
17,"april-june","Index",38,"Lake","Stagnant water",29.1,8.7,3,12.94776,77.584224,0,0,0,0,0,0,0,0,0,0,0,0,0,0,0,0,0,0,0
18,"july-september","Index",9,"Medium dense","Stagnant water",28,8.2,5.17609125905568,13.113284,77.608506,1,8,0,0,0,0,0,0,0,0,0,0,0,6,0,0,0,2,1
19,"october-december","Index",9,"Medium dense","Coconut Shells",27.1,7.9,2.30102999566398,13.112818,77.609059,0,0,0,0,0,0,0,0,0,0,0,0,0,0,0,0,0,0,0
20,"october-december","Index",9,"Medium dense","Discarded containers",27.5,8.1,2.47712125471966,13.113284,77.608506,0,0,0,0,0,0,0,0,0,0,0,0,0,0,0,0,0,0,0
21,"july-september","Index",9,"Medium dense","Coconut Shells",25.6,7.2,2,13.11323,77.609256,1,3,0,0,0,0,0,0,0,0,0,0,0,0,0,0,0,3,0
22,"october-december","Index",9,"Medium dense","Discarded containers",28.9,7.6,2,13.113392,77.608827,0,0,0,0,0,0,0,0,0,0,0,0,0,0,0,0,0,0,0
23,"october-december","Index",9,"Medium dense","Pots",27.6,8.9,2.69897000433602,13.113596,77.608607,0,0,0,0,0,0,0,0,0,0,0,0,0,0,0,0,0,0,0
24,"july-september","Index",6,"High dense","Grinding stones",27.8,8.5,2,13.102203,77.595432,0,0,0,0,0,0,0,0,0,0,0,0,0,0,0,0,0,0,0
25,"april-june","Index",37,"Plantation","Discarded containers",27.3,8.2,2.69897000433602,12.95302,77.58499,1,14,14,0,0,0,0,0,0,0,0,0,0,0,0,0,0,0,0
26,"april-june","Index",37,"Plantation","Stagnant water",28.1,8.4,3,12.952483,77.58493,1,30,0,30,0,0,0,0,0,0,0,0,0,0,0,0,0,0,0
27,"october-december","Index",8,"Medium dense","Discarded containers",26.4,7.8,2.69897000433602,13.093064,77.600107,0,0,0,0,0,0,0,0,0,0,0,0,0,0,0,0,0,0,0
28,"july-september","Index",6,"High dense","Storage containers",29.1,8.5,4.69897000433602,13.101516,77.595088,1,2,2,0,0,0,0,0,0,0,0,0,0,0,0,0,0,0,0
29,"april-june","Index",37,"Plantation","Pots",32.3,8.3,4,12.952867,77.58408,0,0,0,0,0,0,0,0,0,0,0,0,0,0,0,0,0,0,0
30,"october-december","Index",8,"Medium dense","Discarded containers",27.9,7.6,1.69897000433602,13.092709,77.600718,0,0,0,0,0,0,0,0,0,0,0,0,0,0,0,0,0,0,0
31,"july-september","Index",7,"High dense","Discarded containers",29.2,7.8,2.30102999566398,13.110303,77.608874,1,0,0,0,0,0,0,0,0,0,0,0,0,0,0,0,0,0,0
32,"july-september","Index",7,"High dense","Discarded containers",31.9,7.7,3,13.110272,77.608563,0,0,0,0,0,0,0,0,0,0,0,0,0,0,0,0,0,0,0
33,"october-december","Index",10,"Low dense","Discarded containers",27.3,7.8,2.69897000433602,13.104831,77.602512,0,0,0,0,0,0,0,0,0,0,0,0,0,0,0,0,0,0,0
34,"july-september","Index",7,"High dense","Discarded containers",29.1,7.8,2.17609125905568,13.110416,77.608143,0,0,0,0,0,0,0,0,0,0,0,0,0,0,0,0,0,0,0
35,"july-september","Index",7,"High dense","Storage containers",28.7,8.2,4,13.109838,77.608334,0,0,0,0,0,0,0,0,0,0,0,0,0,0,0,0,0,0,0
36,"july-september","Index",7,"High dense","Coconut Shells",27.3,7.8,2.17609125905568,13.110013,77.608065,1,3,0,3,0,0,0,0,0,0,0,0,0,0,0,0,0,0,0
37,"april-june","Index",28,"Barren Land","Discarded containers",30.1,8.7,3.69897000433602,13.029341,77.501786,1,16,8,0,0,0,0,0,0,0,0,0,0,0,0,0,0,8,1
38,"july-september","Index",10,"Low dense","Discarded containers",28.7,8.2,2.17609125905568,13.104412,77.602744,0,0,0,0,0,0,0,0,0,0,0,0,0,0,0,0,0,0,0
39,"july-september","Index",10,"Low dense","Coconut Shells",29.1,7.8,2.30102999566398,13.104781,77.603135,0,0,0,0,0,0,0,0,0,0,0,0,0,0,0,0,0,0,0
40,"july-september","Index",10,"Low dense","Grinding stones",28.2,7.9,2.30102999566398,13.104842,77.603197,1,8,8,0,0,0,0,0,0,0,0,0,0,0,0,0,0,0,0
41,"july-september","Index",10,"Low dense","Storage containers",27.1,7.7,5,13.104969,77.603216,1,10,0,0,0,0,0,10,0,0,0,0,0,0,0,0,0,0,0
42,"july-september","Index",10,"Low dense","Discarded containers",29.1,7.9,2.69897000433602,13.105199,77.603512,0,0,0,0,0,0,0,0,0,0,0,0,0,0,0,0,0,0,0
43,"october-december","Index",11,"Low dense","Pots",28.6,8.1,2.17609125905568,13.096041,77.599113,1,8,8,0,0,0,0,0,0,0,0,0,0,0,0,0,0,0,0
44,"july-september","Index",10,"Low dense","Discarded containers",32.1,8.2,2.69897000433602,13.104622,77.602389,0,0,0,0,0,0,0,0,0,0,0,0,0,0,0,0,0,0,0
45,"july-september","Index",10,"Low dense","Discarded containers",33.1,8.6,2.17609125905568,13.104309,77.602635,0,0,0,0,0,0,0,0,0,0,0,0,0,0,0,0,0,0,0
46,"feb-march","Index",13,"Lake","Stagnant water",31.2,7.8,5.17609125905568,13.064133,77.560189,1,1,0,0,0,0,0,0,0,0,1,0,0,0,0,0,0,0,0
47,"april-june","Index",36,"Lake","Storage containers",34.6,9.5,4.69897000433602,13.024154,77.495872,1,2,0,0,2,0,0,0,0,0,0,0,0,0,0,0,0,0,0
48,"october-december","Index",1,"Plantation","Discarded containers",26.1,8.1,2.39794000867204,13.125688,77.604718,0,0,0,0,0,0,0,0,0,0,0,0,0,0,0,0,0,0,0
49,"july-september","Index",11,"Low dense","Discarded containers",31.6,7.9,4,13.095752,77.599104,0,0,0,0,0,0,0,0,0,0,0,0,0,0,0,0,0,0,0
50,"october-december","Index",1,"Plantation","Discarded containers",26.3,7.8,2,13.125785,77.604982,1,12,0,0,0,0,0,0,0,0,0,0,0,12,0,0,0,0,0
51,"july-september","Index",11,"Low dense","Discarded containers",28.2,8.7,3,13.09549,77.599298,0,0,0,0,0,0,0,0,0,0,0,0,0,0,0,0,0,0,0
52,"feb-march","Index",20,"Low dense","Discarded containers",26.2,7.3,2.69897000433602,13.064551,77.552219,0,0,0,0,0,0,0,0,0,0,0,0,0,0,0,0,0,0,0
55,"july-september","Index",2,"Lake","Discarded containers",28,7.8,2.69897000433602,13.114438,77.600376,0,0,0,0,0,0,0,0,0,0,0,0,0,0,0,0,0,0,0
56,"july-september","Index",2,"Lake","Discarded containers",27.9,8.4,2.69897000433602,13.114253,77.600389,0,0,0,0,0,0,0,0,0,0,0,0,0,0,0,0,0,0,0
57,"feb-march","Index",20,"Low dense","Discarded containers",29.1,7.6,2.30102999566398,13.0644,77.551146,0,0,0,0,0,0,0,0,0,0,0,0,0,0,0,0,0,0,0
58,"july-september","Index",2,"Lake","Discarded containers",30.9,8.6,2.17609125905568,13.11421,77.59952,0,0,0,0,0,0,0,0,0,0,0,0,0,0,0,0,0,0,0
59,"feb-march","Index",20,"Low dense","Coconut Shells",34,7.9,3,13.063626,77.551366,0,0,0,0,0,0,0,0,0,0,0,0,0,0,0,0,0,0,0
61,"april-june","Index",14,"Lake","Grinding stones",27.7,7.2,2.69897000433602,13.066576,77.560288,1,3,1,0,0,0,0,0,0,0,0,0,0,0,0,0,0,2,1
62,"july-september","Index",2,"Lake","Discarded containers",29.8,8.3,2.69897000433602,13.113775,77.600237,0,0,0,0,0,0,0,0,0,0,0,0,0,0,0,0,0,0,0
63,"july-september","Index",2,"Lake","Discarded containers",30.1,7.6,4,13.113603,77.600096,0,0,0,0,0,0,0,0,0,0,0,0,0,0,0,0,0,0,0
64,"april-june","Index",14,"Lake","Stagnant water",36.5,8,4.69897000433602,13.066213,77.560901,0,0,0,0,0,0,0,0,0,0,0,0,0,0,0,0,0,0,0
65,"april-june","Index",14,"Lake","Stagnant water",33.4,8.1,4.69897000433602,13.066203,77.560899,0,0,0,0,0,0,0,0,0,0,0,0,0,0,0,0,0,0,0
66,"july-september","Index",3,"Lake","Discarded containers",27.1,8.2,2.69897000433602,13.109589,77.601842,0,0,0,0,0,0,0,0,0,0,0,0,0,0,0,0,0,0,0
67,"april-june","Index",22,"Plantation","Discarded containers",29.2,8.1,2.39794000867204,13.079445,77.524848,0,0,0,0,0,0,0,0,0,0,0,0,0,0,0,0,0,0,0
68,"july-september","Index",3,"Lake","Discarded containers",30.1,7.8,2.17609125905568,13.10942,77.601061,0,0,0,0,0,0,0,0,0,0,0,0,0,0,0,0,0,0,0
69,"feb-march","Index",14,"Lake","Stagnant water",27.3,6.9,5.17609125905568,13.067275,77.560576,0,0,0,0,0,0,0,0,0,0,0,0,0,0,0,0,0,0,0
70,"feb-march","Index",14,"Lake","Stagnant water",28.5,6.8,5.17609125905568,13.06679,77.561016,1,0,0,0,0,0,0,0,0,0,0,0,0,0,0,0,0,0,0
71,"october-december","Index",23,"Plantation","Discarded containers",26.5,7.3,2.30102999566398,13.125688,77.604718,1,6,1,5,0,0,0,0,0,0,0,0,0,0,0,0,0,0,1
72,"october-december","Index",23,"Plantation","Discarded containers",26.8,7.9,2.39794000867204,13.080122,77.521856,0,0,0,0,0,0,0,0,0,0,0,0,0,0,0,0,0,0,0
74,"april-june","Index",23,"Plantation","Storage containers",31.9,8.1,4.30102999566398,13.080109,77.522077,1,5,0,5,0,0,0,0,0,0,0,0,0,0,0,0,0,0,0
75,"feb-march","Index",14,"Lake","Coconut Shells",28.2,8.4,2,13.066972,77.560663,1,20,16,4,0,0,0,0,0,0,0,0,0,0,0,0,0,0,1
76,"april-june","Index",23,"Plantation","Storage containers",27.9,7.6,4.39794000867204,13.080299,77.522282,0,0,0,0,0,0,0,0,0,0,0,0,0,0,0,0,0,0,0
77,"feb-march","Index",23,"Plantation","Discarded containers",30.4,8.3,2.30102999566398,13.080101,77.522071,0,0,0,0,0,0,0,0,0,0,0,0,0,0,0,0,0,0,0
78,"feb-march","Index",23,"Plantation","Discarded containers",29.3,7.7,2,13.080368,77.522205,0,0,0,0,0,0,0,0,0,0,0,0,0,0,0,0,0,0,0
79,"feb-march","Index",23,"Plantation","Storage containers",26,7.7,4.30102999566398,13.080559,77.522469,0,0,0,0,0,0,0,0,0,0,0,0,0,0,0,0,0,0,0
80,"april-june","Index",23,"Plantation","Discarded containers",28.9,8.1,4,13.080722,77.522276,1,0,0,0,0,0,0,0,0,0,0,0,0,0,0,0,0,0,0
81,"october-december","Index",29,"Barren Land","Discarded containers",27.4,7.3,2,13.041621,77.498957,0,0,0,0,0,0,0,0,0,0,0,0,0,0,0,0,0,0,0
82,"april-june","Index",25,"Plantation","Stagnant water",27.9,8.2,4.69897000433602,13.03723,77.505023,1,0,0,0,0,0,0,0,0,0,0,0,0,0,0,0,0,0,0
83,"feb-march","Index",22,"Plantation","Discarded containers",31.2,6.2,2.30102999566398,13.076525,77.518521,1,3,0,0,0,0,0,0,1,0,0,1,0,0,1,0,0,0,1
84,"feb-march","Index",22,"Plantation","Coconut Shells",27.3,5.4,1.69897000433602,13.076112,77.518675,0,0,0,0,0,0,0,0,0,0,0,0,0,0,0,0,0,0,0
85,"feb-march","Index",22,"Plantation","Stagnant water",25.2,5.5,5.17609125905568,13.076348,77.518858,1,0,0,0,0,0,0,0,0,0,0,0,0,0,0,0,0,0,0
86,"april-june","Index",25,"Plantation","Storage containers",29.3,8.1,4.69897000433602,13.037054,77.504617,0,0,0,0,0,0,0,0,0,0,0,0,0,0,0,0,0,0,0
87,"feb-march","Index",22,"Plantation","Storage containers",28,6.6,5.17609125905568,13.076655,77.519168,0,0,0,0,0,0,0,0,0,0,0,0,0,0,0,0,0,0,0
88,"july-september","Index",14,"Lake","Stagnant water",25.3,8.6,5.17609125905568,13.067012,77.560596,0,0,0,0,0,0,0,0,0,0,0,0,0,0,0,0,0,0,0
90,"july-september","Index",16,"High dense","Grinding stones",24.4,8.4,2,13.06085,77.558198,0,0,0,0,0,0,0,0,0,0,0,0,0,0,0,0,0,0,0
92,"july-september","Index",16,"High dense","Discarded containers",23.5,8.1,4.30102999566398,13.060828,77.558089,0,0,0,0,0,0,0,0,0,0,0,0,0,0,0,0,0,0,0
93,"july-september","Index",16,"High dense","Discarded containers",22.7,8.6,2.39794000867204,13.060756,77.557751,0,0,0,0,0,0,0,0,0,0,0,0,0,0,0,0,0,0,0
95,"july-september","Index",16,"High dense","Discarded containers",24.5,7.9,4,13.060234,77.55857,0,0,0,0,0,0,0,0,0,0,0,0,0,0,0,0,0,0,0
97,"july-september","Index",17,"High dense","Discarded containers",24.8,8.3,2,13.06892,77.555004,0,0,0,0,0,0,0,0,0,0,0,0,0,0,0,0,0,0,0
98,"july-september","Index",17,"High dense","Pots",24.6,9.3,3.69897000433602,13.06889,77.555034,0,0,0,0,0,0,0,0,0,0,0,0,0,0,0,0,0,0,0
99,"april-june","Index",12,"Plantation","Storage containers",30.8,7.4,4.69897000433602,13.134455,77.574122,0,0,0,0,0,0,0,0,0,0,0,0,0,0,0,0,0,0,0
100,"april-june","Index",12,"Plantation","Stagnant water",29,7.6,4,13.134636,77.574247,0,0,0,0,0,0,0,0,0,0,0,0,0,0,0,0,0,0,0
101,"april-june","Index",12,"Plantation","Storage containers",29,7.3,4.30102999566398,13.135029,77.574344,1,6,0,0,0,0,6,0,0,0,0,0,0,0,0,0,0,0,0
102,"july-september","Index",17,"High dense","Plant axils",25.1,8.6,2,13.068427,77.55533,0,0,0,0,0,0,0,0,0,0,0,0,0,0,0,0,0,0,0
103,"july-september","Index",17,"High dense","Discarded containers",25.2,8.3,2,13.068093,77.554942,0,0,0,0,0,0,0,0,0,0,0,0,0,0,0,0,0,0,0
104,"july-september","Index",17,"High dense","Discarded containers",26.4,9,1.47712125471966,13.068734,77.555712,1,21,21,0,0,0,0,0,0,0,0,0,0,0,0,0,0,0,0
105,"feb-march","Index",8,"Medium dense","Discarded containers",31.3,7.1,2.47712125471966,13.092783,77.6001,0,0,0,0,0,0,0,0,0,0,0,0,0,0,0,0,0,0,0
108,"feb-march","Index",8,"Medium dense","Storage containers",31,7.7,5.17609125905568,13.092845,77.599587,0,0,0,0,0,0,0,0,0,0,0,0,0,0,0,0,0,0,0
109,"april-june","Index",15,"Barren Land","Storage containers",35.6,7.3,4,13.067205,77.515625,1,6,0,0,0,0,0,0,0,0,0,0,0,6,0,0,0,0,0
110,"july-september","Index",20,"Low dense","Storage containers",26.1,9,3,13.064672,77.552033,0,0,0,0,0,0,0,0,0,0,0,0,0,0,0,0,0,0,0
111,"july-september","Index",20,"Low dense","Discarded containers",25.7,9.6,2.39794000867204,13.064664,77.552031,0,0,0,0,0,0,0,0,0,0,0,0,0,0,0,0,0,0,0
112,"feb-march","Index",6,"High dense","Storage containers",29.9,7,5,13.102379,77.595443,1,12,9,3,0,0,0,0,0,0,0,0,0,0,0,0,0,0,1
113,"feb-march","Index",6,"High dense","Pots",30,7.3,1.69897000433602,13.101739,77.595359,0,0,0,0,0,0,0,0,0,0,0,0,0,0,0,0,0,0,0
114,"feb-march","Index",6,"High dense","Storage containers",26.8,7.1,3.69897000433602,13.101809,77.594933,1,42,42,0,0,0,0,0,0,0,0,0,0,0,0,0,0,0,0
115,"july-september","Index",20,"Low dense","Discarded containers",26.9,8.5,1,13.0642,77.551841,0,0,0,0,0,0,0,0,0,0,0,0,0,0,0,0,0,0,0
116,"feb-march","Index",6,"High dense","Storage containers",34.7,7.8,4.25527250510331,13.101479,77.595022,0,0,0,0,0,0,0,0,0,0,0,0,0,0,0,0,0,0,0
117,"july-september","Index",20,"Low dense","Discarded containers",26.1,7.2,1.30102999566398,13.064071,77.551429,0,0,0,0,0,0,0,0,0,0,0,0,0,0,0,0,0,0,0
119,"july-september","Index",20,"Low dense","Discarded containers",27.8,8.1,2.69897000433602,13.064412,77.55083,0,0,0,0,0,0,0,0,0,0,0,0,0,0,0,0,0,0,0
120,"july-september","Index",21,"Low dense","Coconut Shells",24.3,6.2,0.698970004336019,13.062245,77.555787,0,0,0,0,0,0,0,0,0,0,0,0,0,0,0,0,0,0,0
121,"july-september","Index",21,"Low dense","Grinding stones",27.5,8.3,2.69897000433602,13.06231,77.555706,0,0,0,0,0,0,0,0,0,0,0,0,0,0,0,0,0,0,0
122,"july-september","Index",21,"Low dense","Grinding stones",29.1,8.4,2.69897000433602,13.062285,77.555674,1,28,27,0,0,0,0,1,0,0,0,0,0,0,0,0,0,0,1
123,"feb-march","Index",11,"Low dense","Discarded containers",31.2,7.5,4.30102999566398,13.095746,77.599195,0,0,0,0,0,0,0,0,0,0,0,0,0,0,0,0,0,0,0
124,"july-september","Index",21,"Low dense","Storage containers",28.9,9.2,3,13.061715,77.555627,0,0,0,0,0,0,0,0,0,0,0,0,0,0,0,0,0,0,0
125,"october-december","Index",38,"Lake","Pots",25.9,8.3,2.39794000867204,12.947618,77.584108,0,0,0,0,0,0,0,0,0,0,0,0,0,0,0,0,0,0,0
126,"october-december","Index",38,"Lake","Discarded containers",25.6,8.5,2.69897000433602,12.947891,77.583702,0,0,0,0,0,0,0,0,0,0,0,0,0,0,0,0,0,0,0
127,"feb-march","Index",7,"High dense","Discarded containers",30.5,7.8,2.95424250943932,13.110346,77.608231,1,7,6,1,0,0,0,0,0,0,0,0,0,0,0,0,0,0,1
128,"april-june","Index",2,"Lake","Discarded containers",30.5,7.4,4,13.113845,77.599656,0,0,0,0,0,0,0,0,0,0,0,0,0,0,0,0,0,0,0
129,"feb-march","Index",7,"High dense","Discarded containers",27,7.2,2.54406804435028,13.109788,77.6086,0,0,0,0,0,0,0,0,0,0,0,0,0,0,0,0,0,0,0
130,"april-june","Index",2,"Lake","Discarded containers",28.1,8.2,2.69897000433602,13.113657,77.600155,1,4,0,0,0,0,0,0,0,0,0,0,0,0,4,0,0,0,0
131,"feb-march","Index",7,"High dense","Discarded containers",30.1,7.7,1.69897000433602,13.10964,77.608148,0,0,0,0,0,0,0,0,0,0,0,0,0,0,0,0,0,0,0
132,"april-june","Index",2,"Lake","Pots",27.9,7.5,2.69897000433602,13.113994,77.600152,0,0,0,0,0,0,0,0,0,0,0,0,0,0,0,0,0,0,0
133,"feb-march","Index",7,"High dense","Discarded containers",27.1,8.1,4,13.109409,77.608028,0,0,0,0,0,0,0,0,0,0,0,0,0,0,0,0,0,0,0
134,"april-june","Index",2,"Lake","Discarded containers",28.2,7.7,3.69897000433602,13.114254,77.600181,0,0,0,0,0,0,0,0,0,0,0,0,0,0,0,0,0,0,0
135,"april-june","Index",5,"Barren Land","Discarded containers",28.2,8.1,2.69897000433602,13.128944,77.575634,0,0,0,0,0,0,0,0,0,0,0,0,0,0,0,0,0,0,0
136,"feb-march","Index",10,"Low dense","Grinding stones",29.2,8,2.60205999132796,13.104867,77.603215,0,0,0,0,0,0,0,0,0,0,0,0,0,0,0,0,0,0,0
137,"feb-march","Index",10,"Low dense","Storage containers",28.3,7.4,5.65321251377534,13.105071,77.603366,1,1,0,0,0,0,0,0,1,0,0,0,0,0,0,0,0,0,0
138,"feb-march","Index",10,"Low dense","Grinding stones",27,7.9,2.39794000867204,13.104869,77.603096,0,0,0,0,0,0,0,0,0,0,0,0,0,0,0,0,0,0,0
139,"october-december","Index",45,"Medium dense","Coconut Shells",22.1,6.9,2.30102999566398,12.939423,77.534336,0,0,0,0,0,0,0,0,0,0,0,0,0,0,0,0,0,0,0
140,"october-december","Index",45,"Medium dense","Coconut Shells",22.5,6.7,2.39794000867204,12.939233,77.534343,1,10,0,10,0,0,0,0,0,0,0,0,0,0,0,0,0,0,0
141,"feb-march","Index",10,"Low dense","Stagnant water",30,7.9,4.30102999566398,13.104687,77.602397,0,0,0,0,0,0,0,0,0,0,0,0,0,0,0,0,0,0,0
142,"october-december","Index",45,"Medium dense","Pots",21.5,7.2,2.69897000433602,12.939144,77.534733,1,1,0,1,0,0,0,0,0,0,0,0,0,0,0,0,0,0,0
143,"feb-march","Index",3,"Lake","Discarded containers",31.2,7.4,3.90308998699194,13.108444,77.601183,0,0,0,0,0,0,0,0,0,0,0,0,0,0,0,0,0,0,0
144,"october-december","Index",45,"Medium dense","Coconut Shells",21.8,6.2,2.69897000433602,12.939316,77.53496,0,0,0,0,0,0,0,0,0,0,0,0,0,0,0,0,0,0,0
145,"feb-march","Index",3,"Lake","Stagnant water",33.8,7.4,5.17609125905568,13.10867,77.60136,1,30,3,27,0,0,0,0,0,0,0,0,0,0,0,0,0,0,1
146,"april-june","Index",44,"Medium dense","Discarded containers",29.6,8.7,3,12.945851,77.535812,0,0,0,0,0,0,0,0,0,0,0,0,0,0,0,0,0,0,0
147,"october-december","Index",45,"Medium dense","Coconut Shells",22.1,7.5,2.30102999566398,12.938921,77.535503,1,4,4,0,0,0,0,0,0,0,0,0,0,0,0,0,0,0,0
148,"april-june","Index",44,"Medium dense","Discarded containers",30.4,7.8,2.69897000433602,12.946559,77.53598,0,0,0,0,0,0,0,0,0,0,0,0,0,0,0,0,0,0,0
149,"october-december","Index",39,"Lake","Pots",28.6,8.1,2.69897000433602,12.945401,77.584566,0,0,0,0,0,0,0,0,0,0,0,0,0,0,0,0,0,0,0
150,"october-december","Index",39,"Lake","Discarded containers",25.4,8.8,3.30102999566398,12.944942,77.584899,1,3,0,3,0,0,0,0,0,0,0,0,0,0,0,0,0,0,0
151,"october-december","Index",39,"Lake","Pots",28.2,8.5,2.69897000433602,12.945004,77.584351,0,0,0,0,0,0,0,0,0,0,0,0,0,0,0,0,0,0,0
152,"april-june","Index",48,"Plantation","Discarded containers",25.9,7.5,3,12.948341,77.566357,1,8,0,0,0,0,0,0,0,0,0,0,0,0,0,8,0,0,0
153,"october-december","Index",39,"Lake","Coconut Shells",26.9,6.7,2.17609125905568,12.945003,77.584975,1,6,1,5,0,0,0,0,0,0,0,0,0,0,0,0,0,0,1
154,"july-september","Index",23,"Plantation","Discarded containers",26.6,8.4,3.47712125471966,13.080412,77.522184,1,0,0,0,0,0,0,0,0,0,0,0,0,0,0,0,0,0,0
155,"april-june","Index",45,"Medium dense","Grinding stones",28.7,7.5,3,12.93947,77.534142,1,3,0,3,0,0,0,0,0,0,0,0,0,0,0,0,0,0,0
156,"october-december","Index",37,"Plantation","Discarded containers",21.8,7.2,2.69897000433602,12.953293,77.584958,0,0,0,0,0,0,0,0,0,0,0,0,0,0,0,0,0,0,0
157,"october-december","Index",37,"Plantation","Discarded containers",21.5,7.6,2,12.953156,77.585104,1,16,1,14,0,0,0,0,0,1,0,0,0,0,0,0,0,0,1
159,"october-december","Index",37,"Plantation","Discarded containers",22.3,7.9,2.69897000433602,12.95268,77.584988,1,8,0,0,0,0,0,0,0,0,0,0,0,0,0,0,0,8,0
160,"october-december","Index",37,"Plantation","Discarded containers",22.4,7.6,2.39794000867204,12.952635,77.584567,1,17,0,15,0,0,0,0,0,0,0,0,0,2,0,0,0,0,1
161,"october-december","Index",37,"Plantation","Discarded containers",22.6,7.4,2.69897000433602,12.953059,77.58446,0,0,0,0,0,0,0,0,0,0,0,0,0,0,0,0,0,0,0
162,"october-december","Index",36,"Lake","Discarded containers",22.9,7.2,1.69897000433602,13.024,77.495365,0,0,0,0,0,0,0,0,0,0,0,0,0,0,0,0,0,0,0
163,"july-september","Index",27,"Low dense","Discarded containers",22,7.2,1.69897000433602,13.055531,77.579593,1,9,0,9,0,0,0,0,0,0,0,0,0,0,0,0,0,0,0
164,"july-september","Index",27,"Low dense","Pots",23,7,3.47712125471966,13.055314,77.580122,1,14,0,14,0,0,0,0,0,0,0,0,0,0,0,0,0,0,0
165,"feb-march","Index",2,"Lake","Stagnant water",27,8.1,2,13.114614,77.599676,1,3,0,3,0,0,0,0,0,0,0,0,0,0,0,0,0,0,0
166,"july-september","Index",27,"Low dense","Discarded containers",20.4,7.3,2.69897000433602,13.055083,77.579891,0,0,0,0,0,0,0,0,0,0,0,0,0,0,0,0,0,0,0
167,"october-december","Index",36,"Lake","Pots",24.3,7.3,2,13.024049,77.495932,0,0,0,0,0,0,0,0,0,0,0,0,0,0,0,0,0,0,0
168,"feb-march","Index",2,"Lake","Coconut Shells",26,6.4,1.30102999566398,13.114571,77.600333,0,0,0,0,0,0,0,0,0,0,0,0,0,0,0,0,0,0,0
169,"july-september","Index",1,"Plantation","Discarded containers",23.7,8.6,2,13.124905,77.605648,1,20,4,16,0,0,0,0,0,0,0,0,0,0,0,0,0,0,1
170,"october-december","Index",17,"High dense","Storage containers",19.8,8.7,5.17609125905568,13.068765,77.555019,1,26,16,10,0,0,0,0,0,0,0,0,0,0,0,0,0,0,1
171,"october-december","Index",17,"High dense","Discarded containers",20.5,8.3,2,13.068252,77.55475,0,0,0,0,0,0,0,0,0,0,0,0,0,0,0,0,0,0,0
172,"october-december","Index",17,"High dense","Discarded containers",21.2,7.6,2.69897000433602,13.068093,77.555012,0,0,0,0,0,0,0,0,0,0,0,0,0,0,0,0,0,0,0
173,"october-december","Index",17,"High dense","Pots",21.3,7.8,2.39794000867204,13.069116,77.554801,0,0,0,0,0,0,0,0,0,0,0,0,0,0,0,0,0,0,0
174,"april-june","Index",3,"Lake","Discarded containers",31.5,6.8,3,13.109062,77.602018,0,0,0,0,0,0,0,0,0,0,0,0,0,0,0,0,0,0,0
175,"october-december","Index",17,"High dense","Discarded containers",22.5,7.6,2.30102999566398,13.067367,77.5552,0,0,0,0,0,0,0,0,0,0,0,0,0,0,0,0,0,0,0
177,"october-december","Index",17,"High dense","Pots",23.3,7.5,2.39794000867204,13.068046,77.556087,1,1,1,0,0,0,0,0,0,0,0,0,0,0,0,0,0,0,0
178,"feb-march","Index",2,"Lake","Storage containers",29,8.4,5,13.113643,77.599848,0,0,0,0,0,0,0,0,0,0,0,0,0,0,0,0,0,0,0
179,"october-december","Index",27,"Low dense","Discarded containers",21.4,7.7,2.39794000867204,13.055256,77.579392,0,0,0,0,0,0,0,0,0,0,0,0,0,0,0,0,0,0,0
180,"april-june","Index",24,"Barren Land","Stagnant water",36.1,7.6,2.69897000433602,13.072976,77.520835,0,0,0,0,0,0,0,0,0,0,0,0,0,0,0,0,0,0,0
181,"july-september","Index",5,"Barren Land","Coconut Shells",23.4,9,2.17609125905568,13.128672,77.575428,1,25,11,14,0,0,0,0,0,0,0,0,0,0,0,0,0,0,1
182,"october-december","Index",27,"Low dense","Grinding stones",20.4,7.5,2.30102999566398,13.055393,77.5802,1,19,17,2,0,0,0,0,0,0,0,0,0,0,0,0,0,0,1
183,"july-september","Index",5,"Barren Land","Discarded containers",25.3,9,2.47712125471966,13.128418,77.57557,0,0,0,0,0,0,0,0,0,0,0,0,0,0,0,0,0,0,0
184,"october-december","Index",27,"Low dense","Discarded containers",21.6,7.2,2.30102999566398,13.055803,77.579827,0,0,0,0,0,0,0,0,0,0,0,0,0,0,0,0,0,0,0
185,"october-december","Index",27,"Low dense","Discarded containers",21.1,7.6,2.69897000433602,13.055554,77.579721,0,0,0,0,0,0,0,0,0,0,0,0,0,0,0,0,0,0,0
186,"july-september","Index",5,"Barren Land","Discarded containers",22.5,8.5,2.30102999566398,13.128856,77.575621,0,0,0,0,0,0,0,0,0,0,0,0,0,0,0,0,0,0,0
187,"april-june","Index",10,"Low dense","Pots",36.8,7.9,3.47712125471966,13.104918,77.602289,0,0,0,0,0,0,0,0,0,0,0,0,0,0,0,0,0,0,0
188,"july-september","Index",5,"Barren Land","Discarded containers",21.9,8.3,2.30102999566398,13.128755,77.575671,1,8,2,6,0,0,0,0,0,0,0,0,0,0,0,0,0,0,1
189,"july-september","Index",5,"Barren Land","Discarded containers",25.1,9.3,2.39794000867204,13.128507,77.575799,1,7,0,0,0,0,0,0,0,0,0,0,0,4,0,0,3,0,1
190,"april-june","Index",10,"Low dense","Grinding stones",30.4,7.2,2.47712125471966,13.10484,77.603134,0,0,0,0,0,0,0,0,0,0,0,0,0,0,0,0,0,0,0
192,"feb-march","Index",9,"Medium dense","Stagnant water",28,8.6,5.17609125905568,13.112983,77.609591,0,0,0,0,0,0,0,0,0,0,0,0,0,0,0,0,0,0,0
193,"october-december","Index",25,"Plantation","Stagnant water",27.4,7.9,3.30102999566398,13.037311,77.504853,1,4,2,2,0,0,0,0,0,0,0,0,0,0,0,0,0,0,1
194,"july-september","Index",19,"Medium dense","Discarded containers",24,8.5,1.30102999566398,13.059036,77.55377,0,0,0,0,0,0,0,0,0,0,0,0,0,0,0,0,0,0,0
195,"july-september","Index",19,"Medium dense","Discarded containers",23.6,8.2,2.17609125905568,13.059201,77.553124,1,0,0,0,0,0,0,0,0,0,0,0,0,0,0,0,0,0,0
196,"july-september","Index",19,"Medium dense","Coconut Shells",24.7,6.1,1.69897000433602,13.058739,77.55305,1,9,0,0,0,0,0,0,0,0,0,0,0,0,0,0,0,9,0
197,"july-september","Index",19,"Medium dense","Discarded containers",24.1,8.3,3,13.058613,77.553388,0,0,0,0,0,0,0,0,0,0,0,0,0,0,0,0,0,0,0
198,"october-december","Index",13,"Lake","Discarded containers",26.3,7.6,2.30102999566398,13.064201,77.559616,1,5,5,0,0,0,0,0,0,0,0,0,0,0,0,0,0,0,0
199,"july-september","Index",19,"Medium dense","Discarded containers",23.6,8.2,3.30102999566398,13.058424,77.553192,1,3,3,0,0,0,0,0,0,0,0,0,0,0,0,0,0,0,0
200,"october-december","Index",13,"Lake","Discarded containers",26.2,7.3,2,13.064412,77.559653,0,0,0,0,0,0,0,0,0,0,0,0,0,0,0,0,0,0,0
201,"october-december","Index",13,"Lake","Grinding stones",24.8,7.1,2.69897000433602,13.064605,77.559705,1,9,3,0,0,0,0,0,0,0,0,0,0,6,0,0,0,0,1
203,"october-december","Index",13,"Lake","Coconut Shells",24.3,7.3,2,13.064889,77.55992,0,0,0,0,0,0,0,0,0,0,0,0,0,0,0,0,0,0,0
204,"october-december","Index",13,"Lake","Discarded containers",23.2,8.1,1.69897000433602,13.065056,77.55988,0,0,0,0,0,0,0,0,0,0,0,0,0,0,0,0,0,0,0
205,"october-december","Index",14,"Lake","Discarded containers",24.3,7.3,2,13.066419,77.560416,0,0,0,0,0,0,0,0,0,0,0,0,0,0,0,0,0,0,0
206,"october-december","Index",14,"Lake","Pots",25.1,7.2,1.69897000433602,13.066471,77.560192,0,0,0,0,0,0,0,0,0,0,0,0,0,0,0,0,0,0,0
207,"july-september","Index",18,"Medium dense","Discarded containers",22.1,7.9,2,13.064756,77.554795,1,8,7,1,0,0,0,0,0,0,0,0,0,0,0,0,0,0,1
208,"october-december","Index",14,"Lake","Grinding stones",24.8,7.3,2.47712125471966,13.06686,77.560433,0,0,0,0,0,0,0,0,0,0,0,0,0,0,0,0,0,0,0
209,"october-december","Index",14,"Lake","Pots",24.3,7.7,1.69897000433602,13.067063,77.560526,1,2,2,0,0,0,0,0,0,0,0,0,0,0,0,0,0,0,0
210,"july-september","Index",18,"Medium dense","Discarded containers",25.8,8.6,2.69897000433602,13.065678,77.554655,1,8,0,7,0,0,0,1,0,0,0,0,0,0,0,0,0,0,1
211,"july-september","Index",18,"Medium dense","Discarded containers",24.4,8.2,2,13.06519,77.554557,0,0,0,0,0,0,0,0,0,0,0,0,0,0,0,0,0,0,0
212,"july-september","Index",18,"Medium dense","Discarded containers",26.4,8.7,3.30102999566398,13.064693,77.554345,0,0,0,0,0,0,0,0,0,0,0,0,0,0,0,0,0,0,0
213,"feb-march","Index",35,"Plantation","Discarded containers",30.1,8,2.17609125905568,13.05519,77.57431,0,0,0,0,0,0,0,0,0,0,0,0,0,0,0,0,0,0,0
214,"october-december","Index",26,"Lake","Discarded containers",27.3,8.1,2,13.041051,77.510126,0,0,0,0,0,0,0,0,0,0,0,0,0,0,0,0,0,0,0
216,"july-september","Index",36,"Lake","Discarded containers",24.2,8.3,2.54406804435028,13.024189,77.495715,1,6,1,5,0,0,0,0,0,0,0,0,0,0,0,0,0,0,1
217,"october-december","Index",26,"Lake","Discarded containers",26.3,7.8,2,13.040501,77.510221,0,0,0,0,0,0,0,0,0,0,0,0,0,0,0,0,0,0,0
218,"july-september","Index",36,"Lake","Discarded containers",26.1,8.2,1.30102999566398,13.023506,77.49546,0,0,0,0,0,0,0,0,0,0,0,0,0,0,0,0,0,0,0
219,"july-september","Index",36,"Lake","Discarded containers",25.2,8.6,2.69897000433602,13.02392,77.495416,0,0,0,0,0,0,0,0,0,0,0,0,0,0,0,0,0,0,0
220,"october-december","Index",33,"Medium dense","Discarded containers",27.6,8.1,2.69897000433602,13.032247,77.50066,1,14,14,0,0,0,0,0,0,0,0,0,0,0,0,0,0,0,0
221,"feb-march","Index",26,"Lake","Discarded containers",34.6,7.7,3.47712125471966,13.041088,77.510588,0,0,0,0,0,0,0,0,0,0,0,0,0,0,0,0,0,0,0
222,"october-december","Index",33,"Medium dense","Grinding stones",27.3,7.8,2.39794000867204,13.031977,77.499873,0,0,0,0,0,0,0,0,0,0,0,0,0,0,0,0,0,0,0
223,"october-december","Index",33,"Medium dense","Discarded containers",27.2,8.3,2.77815125038364,13.032403,77.500464,0,0,0,0,0,0,0,0,0,0,0,0,0,0,0,0,0,0,0
224,"april-june","Index",33,"Medium dense","Discarded containers",31.9,7.5,3.69897000433602,13.031468,77.500873,0,0,0,0,0,0,0,0,0,0,0,0,0,0,0,0,0,0,0
225,"july-september","Index",30,"High dense","Storage containers",25.4,8.1,4.47712125471966,13.036347,77.516763,0,0,0,0,0,0,0,0,0,0,0,0,0,0,0,0,0,0,0
226,"october-december","Index",33,"Medium dense","Coconut Shells",27.1,8,2.30102999566398,13.031911,77.500289,0,0,0,0,0,0,0,0,0,0,0,0,0,0,0,0,0,0,0
227,"october-december","Index",33,"Medium dense","Discarded containers",27.3,8.2,3,13.03215,77.500799,0,0,0,0,0,0,0,0,0,0,0,0,0,0,0,0,0,0,0
228,"october-december","Index",48,"Plantation","Discarded containers",23.2,7.9,2.17609125905568,12.948474,77.567101,1,16,16,0,0,0,0,0,0,0,0,0,0,0,0,0,0,0,0
229,"october-december","Index",48,"Plantation","Coconut Shells",21.3,6.8,2.17609125905568,12.948472,77.567343,0,0,0,0,0,0,0,0,0,0,0,0,0,0,0,0,0,0,0
230,"july-september","Index",30,"High dense","Discarded containers",26.8,7.9,2.60205999132796,13.036654,77.516492,0,0,0,0,0,0,0,0,0,0,0,0,0,0,0,0,0,0,0
231,"october-december","Index",48,"Plantation","Discarded containers",24.1,8.2,2.17609125905568,12.948344,77.567293,0,0,0,0,0,0,0,0,0,0,0,0,0,0,0,0,0,0,0
232,"april-june","Index",47,"Low dense","Discarded containers",28.4,8.1,2.69897000433602,12.937455,77.535779,0,0,0,0,0,0,0,0,0,0,0,0,0,0,0,0,0,0,0
233,"october-december","Index",48,"Plantation","Pots",23.1,8.1,2.17609125905568,12.94826,77.566791,0,0,0,0,0,0,0,0,0,0,0,0,0,0,0,0,0,0,0
236,"october-december","Index",30,"High dense","Coconut Shells",23.2,6.9,2.17609125905568,13.036418,77.516718,0,0,0,0,0,0,0,0,0,0,0,0,0,0,0,0,0,0,0
237,"october-december","Index",30,"High dense","Discarded containers",27.2,7.3,2.39794000867204,13.036578,77.51642,0,0,0,0,0,0,0,0,0,0,0,0,0,0,0,0,0,0,0
238,"october-december","Index",30,"High dense","Grinding stones",24.5,8.3,2.39794000867204,13.037058,77.51652,1,2,2,0,0,0,0,0,0,0,0,0,0,0,0,0,0,0,0
240,"october-december","Index",30,"High dense","Pots",23.2,7.9,2.17609125905568,13.03682,77.516711,0,0,0,0,0,0,0,0,0,0,0,0,0,0,0,0,0,0,0
241,"feb-march","Index",31,"High dense","Storage containers",29.3,8.4,5.17609125905568,13.031804,77.506744,1,6,6,0,0,0,0,0,0,0,0,0,0,0,0,0,0,0,0
242,"october-december","Index",44,"Medium dense","Pots",27.1,8.6,2,12.946885,77.535715,1,1,1,0,0,0,0,0,0,0,0,0,0,0,0,0,0,0,0
243,"october-december","Index",44,"Medium dense","Pots",28.3,8.7,2.54406804435028,12.946553,77.535658,1,9,0,0,0,0,0,0,0,0,0,0,0,9,0,0,0,0,0
246,"october-december","Index",44,"Medium dense","Discarded containers",27.3,8.3,2.17609125905568,12.946612,77.535994,0,0,0,0,0,0,0,0,0,0,0,0,0,0,0,0,0,0,0
248,"october-december","Index",44,"Medium dense","Coconut Shells",24.2,8,2.17609125905568,12.94602,77.535422,0,0,0,0,0,0,0,0,0,0,0,0,0,0,0,0,0,0,0
249,"april-june","Index",8,"Medium dense","Storage containers",35.2,7.3,3.90308998699194,13.092664,77.599879,0,0,0,0,0,0,0,0,0,0,0,0,0,0,0,0,0,0,0
250,"october-december","Index",44,"Medium dense","Pots",26.2,8.1,2.17609125905568,12.946267,77.535711,0,0,0,0,0,0,0,0,0,0,0,0,0,0,0,0,0,0,0
251,"april-june","Index",8,"Medium dense","Discarded containers",31.1,7.9,2.39794000867204,13.092725,77.60017,1,11,11,0,0,0,0,0,0,0,0,0,0,0,0,0,0,0,0
252,"feb-march","Index",31,"High dense","Discarded containers",31.4,8.5,2.69897000433602,13.032032,77.50664,0,0,0,0,0,0,0,0,0,0,0,0,0,0,0,0,0,0,0
253,"october-december","Index",6,"High dense","Discarded containers",25.7,8.1,2.69897000433602,13.101654,77.595318,0,0,0,0,0,0,0,0,0,0,0,0,0,0,0,0,0,0,0
255,"october-december","Index",6,"High dense","Discarded containers",27.3,8.1,2.39794000867204,13.101857,77.595229,0,0,0,0,0,0,0,0,0,0,0,0,0,0,0,0,0,0,0
256,"feb-march","Index",34,"Low dense","Storage containers",25,8.3,5.17609125905568,13.035036,77.499953,0,0,0,0,0,0,0,0,0,0,0,0,0,0,0,0,0,0,0
257,"october-december","Index",6,"High dense","Discarded containers",23.1,8.2,3.30102999566398,13.102141,77.594944,0,0,0,0,0,0,0,0,0,0,0,0,0,0,0,0,0,0,0
259,"october-december","Index",7,"High dense","Coconut Shells",27.2,8.4,2.17609125905568,13.110225,77.608031,0,0,0,0,0,0,0,0,0,0,0,0,0,0,0,0,0,0,0
260,"feb-march","Index",34,"Low dense","Discarded containers",26,8.6,4,13.035465,77.50117,0,0,0,0,0,0,0,0,0,0,0,0,0,0,0,0,0,0,0
261,"october-december","Index",7,"High dense","Discarded tires",26.9,7.8,2.8750612633917,13.110073,77.608535,0,0,0,0,0,0,0,0,0,0,0,0,0,0,0,0,0,0,0
262,"october-december","Index",7,"High dense","Coconut Shells",28.1,7.6,2.17609125905568,13.1019917,77.608569,0,0,0,0,0,0,0,0,0,0,0,0,0,0,0,0,0,0,0
263,"april-june","Index",21,"Low dense","Grinding stones",36.9,7.5,2.39794000867204,13.062153,77.555606,0,0,0,0,0,0,0,0,0,0,0,0,0,0,0,0,0,0,0
264,"feb-march","Index",34,"Low dense","Storage containers",25.9,8,4.69897000433602,13.034237,77.500446,1,0,0,0,0,0,0,0,0,0,0,0,0,0,0,0,0,0,0
265,"july-september","Index",26,"Lake","Storage containers",27,8.1,5.30102999566398,13.041165,77.509721,0,0,0,0,0,0,0,0,0,0,0,0,0,0,0,0,0,0,0
266,"feb-march","Index",32,"Medium dense","Discarded containers",29.5,5.8,3.69897000433602,13.041693,77.503114,1,2,0,0,0,0,0,0,0,0,0,0,0,2,0,0,0,0,0
267,"october-december","Index",7,"High dense","Discarded containers",26.2,7.9,2.30102999566398,13.109932,77.607841,0,0,0,0,0,0,0,0,0,0,0,0,0,0,0,0,0,0,0
268,"october-december","Index",12,"Plantation","Coconut Shells",21.9,6.9,2.17609125905568,13.127385,77.573169,0,0,0,0,0,0,0,0,0,0,0,0,0,0,0,0,0,0,0
269,"october-december","Index",12,"Plantation","Coconut Shells",23.2,6.4,2.17609125905568,13.127454,77.57334,0,0,0,0,0,0,0,0,0,0,0,0,0,0,0,0,0,0,0
271,"july-september","Index",31,"High dense","Discarded containers",24.6,8.3,3,13.031901,77.506762,0,0,0,0,0,0,0,0,0,0,0,0,0,0,0,0,0,0,0
272,"july-september","Index",31,"High dense","Discarded containers",26.2,8.1,1.69897000433602,13.031617,77.506742,0,0,0,0,0,0,0,0,0,0,0,0,0,0,0,0,0,0,0
273,"july-september","Index",31,"High dense","Discarded containers",23.9,8.5,2.17609125905568,13.031912,77.50688,0,0,0,0,0,0,0,0,0,0,0,0,0,0,0,0,0,0,0
274,"july-september","Index",31,"High dense","Pots",23.4,8.8,2,13.031965,77.506658,0,0,0,0,0,0,0,0,0,0,0,0,0,0,0,0,0,0,0
275,"july-september","Index",31,"High dense","Coconut Shells",23.2,8.2,1.69897000433602,13.031798,77.506444,1,4,0,0,0,0,0,0,0,0,0,0,0,0,0,0,0,4,0
276,"july-september","Index",31,"High dense","Grinding stones",23.2,7.6,2,13.031981,77.506453,0,0,0,0,0,0,0,0,0,0,0,0,0,0,0,0,0,0,0
277,"july-september","Index",31,"High dense","Discarded containers",23.2,7.3,5,13.031961,77.5062,0,0,0,0,0,0,0,0,0,0,0,0,0,0,0,0,0,0,0
278,"october-december","Index",46,"Low dense","Pots",22.1,7.6,4.30102999566398,12.945172,77.541185,1,6,6,0,0,0,0,0,0,0,0,0,0,0,0,0,0,0,0
279,"july-september","Index",31,"High dense","Coconut Shells",24,8.7,1.69897000433602,13.031429,77.505722,1,8,8,0,0,0,0,0,0,0,0,0,0,0,0,0,0,0,0
280,"october-december","Index",46,"Low dense","Pots",23.2,7.5,4.30102999566398,12.945031,77.540836,1,4,4,0,0,0,0,0,0,0,0,0,0,0,0,0,0,0,0
281,"october-december","Index",46,"Low dense","Discarded containers",22.9,8.6,3.30102999566398,12.944777,77.540878,0,0,0,0,0,0,0,0,0,0,0,0,0,0,0,0,0,0,0
282,"october-december","Index",46,"Low dense","Pots",23.9,8.6,2.17609125905568,12.944757,77.540742,0,0,0,0,0,0,0,0,0,0,0,0,0,0,0,0,0,0,0
283,"april-june","Index",42,"High dense","Discarded containers",29.8,7.6,2.30102999566398,12.945571,77.575224,0,0,0,0,0,0,0,0,0,0,0,0,0,0,0,0,0,0,0
284,"october-december","Index",20,"Low dense","Grinding stones",23.2,8.1,2.39794000867204,13.064577,77.551617,0,0,0,0,0,0,0,0,0,0,0,0,0,0,0,0,0,0,0
285,"feb-march","Index",25,"Plantation","Storage containers",27.4,8.5,3,13.036846,77.50509,1,9,1,5,0,0,0,0,0,0,0,0,0,0,0,0,0,3,1
286,"october-december","Index",20,"Low dense","Coconut Shells",22.9,6.8,2.17609125905568,13.064261,77.551751,1,2,1,0,0,0,0,0,0,0,0,0,0,0,0,0,0,1,1
287,"april-june","Index",42,"High dense","Pots",28.7,6.9,2.17609125905568,12.944821,77.573854,1,2,2,0,0,0,0,0,0,0,0,0,0,0,0,0,0,0,0
288,"april-june","Index",42,"High dense","Pots",27.8,8.2,3.30102999566398,12.945746,77.573857,1,8,8,0,0,0,0,0,0,0,0,0,0,0,0,0,0,0,0
289,"october-december","Index",20,"Low dense","Pots",24.2,8.5,2.17609125905568,13.063938,77.5520628,1,6,1,5,0,0,0,0,0,0,0,0,0,0,0,0,0,0,1
290,"october-december","Index",20,"Low dense","Discarded containers",22.9,8.3,2.39794000867204,13.064333,77.551959,1,2,0,2,0,0,0,0,0,0,0,0,0,0,0,0,0,0,0
291,"october-december","Index",20,"Low dense","Grinding stones",23.1,8.2,2.39794000867204,13.064555,77.552292,0,0,0,0,0,0,0,0,0,0,0,0,0,0,0,0,0,0,0
292,"july-september","Index",33,"Medium dense","Storage containers",25.6,7.2,3.69897000433602,13.031622,77.500932,1,7,7,0,0,0,0,0,0,0,0,0,0,0,0,0,0,0,0
294,"april-june","Index",20,"Low dense","Storage containers",31.5,8,5.30102999566398,13.064018,77.551729,0,0,0,0,0,0,0,0,0,0,0,0,0,0,0,0,0,0,0
295,"april-june","Index",20,"Low dense","Discarded containers",30.9,8.2,4.17609125905568,13.064209,77.551892,1,7,7,0,0,0,0,0,0,0,0,0,0,0,0,0,0,0,0
296,"april-june","Index",20,"Low dense","Storage containers",29.3,8.2,3.69897000433602,13.06447,77.551964,1,8,2,0,0,0,0,6,0,0,0,0,0,0,0,0,0,0,1
297,"april-june","Index",20,"Low dense","Storage containers",30.7,8.8,4.69897000433602,13.064716,77.552035,1,0,0,0,0,0,0,0,0,0,0,0,0,0,0,0,0,0,0
298,"feb-march","Index",30,"High dense","Discarded containers",26.8,8,2.69897000433602,13.036643,77.51681,1,38,38,0,0,0,0,0,0,0,0,0,0,0,0,0,0,0,0
299,"october-december","Index",21,"Low dense","Discarded containers",24.2,8.2,2.17609125905568,13.062119,77.555709,1,1,1,0,0,0,0,0,0,0,0,0,0,0,0,0,0,0,0
300,"april-june","Index",27,"Low dense","Storage containers",30.4,7.9,5,13.055541,77.57955,1,2,2,0,0,0,0,0,0,0,0,0,0,0,0,0,0,0,0
301,"april-june","Index",27,"Low dense","Discarded containers",31.9,8.4,2,13.055486,77.579905,0,0,0,0,0,0,0,0,0,0,0,0,0,0,0,0,0,0,0
302,"october-december","Index",21,"Low dense","Discarded containers",23.4,8.8,2.39794000867204,13.061949,77.555896,1,15,12,0,0,0,0,0,0,0,0,0,0,0,0,0,0,3,1
304,"feb-march","Index",30,"High dense","Discarded containers",31.6,7.9,4.30102999566398,13.03658,77.516603,1,13,13,0,0,0,0,0,0,0,0,0,0,0,0,0,0,0,0
305,"feb-march","Index",30,"High dense","Discarded containers",27,8.1,3.69897000433602,13.036644,77.516506,1,17,10,0,0,0,0,0,0,0,0,0,0,0,0,0,0,7,1
308,"july-september","Index",34,"Low dense","Storage containers",25.8,8,5.17609125905568,13.034768,77.500558,0,0,0,0,0,0,0,0,0,0,0,0,0,0,0,0,0,0,0
311,"july-september","Index",25,"Plantation","Coconut Shells",25.6,6.7,2,13.037371,77.50464,1,10,1,1,0,0,0,0,0,0,0,0,0,0,0,0,0,8,1
313,"april-june","Index",16,"High dense","Discarded containers",26.4,8.7,3.69897000433602,13.060883,77.558257,0,0,0,0,0,0,0,0,0,0,0,0,0,0,0,0,0,0,0
314,"april-june","Index",16,"High dense","Pots",30,8.2,3,13.060891,77.558194,0,0,0,0,0,0,0,0,0,0,0,0,0,0,0,0,0,0,0
315,"july-september","Index",25,"Plantation","Storage containers",24.5,8.1,5.47712125471966,13.037037,77.504887,0,0,0,0,0,0,0,0,0,0,0,0,0,0,0,0,0,0,0
317,"july-september","Index",25,"Plantation","Stagnant water",25,8,3.47712125471966,13.036915,77.505049,0,0,0,0,0,0,0,0,0,0,0,0,0,0,0,0,0,0,0
318,"april-june","Index",16,"High dense","Pots",27.8,8.4,3,13.060158,77.55855,0,0,0,0,0,0,0,0,0,0,0,0,0,0,0,0,0,0,0
319,"april-june","Index",17,"High dense","Pots",28,8.4,2.69897000433602,13.06894,77.555016,1,9,6,0,0,0,0,0,0,0,0,0,0,3,0,0,0,0,1
320,"april-june","Index",17,"High dense","Pots",27.3,8.1,3,13.068918,77.555009,1,2,1,0,0,0,0,0,0,0,0,0,0,1,0,0,0,0,1
321,"july-september","Index",22,"Plantation","Discarded containers",27.5,7.9,2.69897000433602,13.07943,77.52512,0,0,0,0,0,0,0,0,0,0,0,0,0,0,0,0,0,0,0
322,"april-june","Index",17,"High dense","Pots",27.2,8.1,2.69897000433602,13.068064,77.554728,0,0,0,0,0,0,0,0,0,0,0,0,0,0,0,0,0,0,0
323,"april-june","Index",17,"High dense","Discarded tires",28.1,8.3,3.69897000433602,13.068065,77.554858,1,2,2,0,0,0,0,0,0,0,0,0,0,0,0,0,0,0,0
324,"july-september","Index",22,"Plantation","Discarded tires",25.2,7.9,2,13.07952,77.524869,0,0,0,0,0,0,0,0,0,0,0,0,0,0,0,0,0,0,0
325,"april-june","Index",17,"High dense","Pots",27.2,8.1,3.69897000433602,13.068839,77.555777,0,0,0,0,0,0,0,0,0,0,0,0,0,0,0,0,0,0,0
327,"july-september","Index",22,"Plantation","Discarded containers",26.1,8.5,2.30102999566398,13.079421,77.524871,0,0,0,0,0,0,0,0,0,0,0,0,0,0,0,0,0,0,0
330,"april-june","Index",31,"High dense","Storage containers",28.1,8.5,4.30102999566398,13.032005,77.506183,1,2,0,0,0,1,0,1,0,0,0,0,0,0,0,0,0,0,1
331,"april-june","Index",31,"High dense","Discarded containers",28.3,7.9,2,13.031815,77.506167,1,0,0,0,0,0,0,0,0,0,0,0,0,0,0,0,0,0,0
332,"april-june","Index",31,"High dense","Grinding stones",27.2,8.1,2.69897000433602,13.031886,77.506753,1,1,1,0,0,0,0,0,0,0,0,0,0,0,0,0,0,0,0
334,"july-september","Index",38,"Lake","Stagnant water",23.4,7.9,5.17609125905568,12.948217,77.58365,0,0,0,0,0,0,0,0,0,0,0,0,0,0,0,0,0,0,0
335,"feb-march","Index",12,"Plantation","Storage containers",34,8.6,4.17609125905568,13.134451,77.574114,0,0,0,0,0,0,0,0,0,0,0,0,0,0,0,0,0,0,0
336,"april-june","Index",7,"High dense","Discarded containers",23.6,8.4,3,13.109609,77.608113,0,0,0,0,0,0,0,0,0,0,0,0,0,0,0,0,0,0,0
337,"july-september","Index",48,"Plantation","Tree holes",25.6,8.1,2.30102999566398,12.948357,77.566795,0,0,0,0,0,0,0,0,0,0,0,0,0,0,0,0,0,0,0
338,"april-june","Index",7,"High dense","Discarded containers",22,7.8,3,13.109832,77.608389,1,0,0,0,0,0,0,0,0,0,0,0,0,0,0,0,0,0,0
339,"july-september","Index",48,"Plantation","Storage containers",26.1,8.3,5.69897000433602,12.948337,77.566406,0,0,0,0,0,0,0,0,0,0,0,0,0,0,0,0,0,0,0
340,"feb-march","Index",12,"Plantation","Discarded containers",34.1,8.1,4,13.134867,77.574907,0,0,0,0,0,0,0,0,0,0,0,0,0,0,0,0,0,0,0
341,"july-september","Index",48,"Plantation","Plant axils",25.2,8.2,1.30102999566398,12.94846,77.566449,0,0,0,0,0,0,0,0,0,0,0,0,0,0,0,0,0,0,0
342,"april-june","Index",7,"High dense","Discarded containers",22.9,7.8,2.69897000433602,13.109949,77.608716,0,0,0,0,0,0,0,0,0,0,0,0,0,0,0,0,0,0,0
343,"july-september","Index",48,"Plantation","Storage containers",27.3,8.3,5,12.948444,77.56674,0,0,0,0,0,0,0,0,0,0,0,0,0,0,0,0,0,0,0
344,"april-june","Index",30,"High dense","Discarded containers",25.4,7.7,3,13.036526,77.516702,1,7,0,0,0,0,0,0,0,0,0,0,0,7,0,0,0,0,0
345,"april-june","Index",30,"High dense","Coconut Shells",25.4,6.9,2.17609125905568,13.036779,77.516749,0,0,0,0,0,0,0,0,0,0,0,0,0,0,0,0,0,0,0
348,"april-june","Index",30,"High dense","Storage containers",25,8.1,4.69897000433602,13.036446,77.516199,0,0,0,0,0,0,0,0,0,0,0,0,0,0,0,0,0,0,0
349,"april-june","Index",30,"High dense","Grinding stones",25.4,8.5,2.69897000433602,13.03663,77.516236,1,0,0,0,0,0,0,0,0,0,0,0,0,0,0,0,0,0,0
354,"july-september","Index",39,"Lake","Pots",30.3,8.7,4.47712125471966,12.945009,77.585034,1,15,0,15,0,0,0,0,0,0,0,0,0,0,0,0,0,0,0
355,"july-september","Index",39,"Lake","Discarded containers",28.4,8.3,2.69897000433602,12.944899,77.58482,1,2,0,2,0,0,0,0,0,0,0,0,0,0,0,0,0,0,0
356,"july-september","Index",39,"Lake","Pots",30.9,8.6,3.30102999566398,12.947617,77.584389,0,0,0,0,0,0,0,0,0,0,0,0,0,0,0,0,0,0,0
357,"july-september","Index",39,"Lake","Grinding stones",29.7,8.6,2.30102999566398,12.944549,77.584782,1,11,0,11,0,0,0,0,0,0,0,0,0,0,0,0,0,0,0
358,"july-september","Index",39,"Lake","Plant axils",25.9,8.3,2.69897000433602,12.94488,77.584197,1,1,0,1,0,0,0,0,0,0,0,0,0,0,0,0,0,0,0
360,"july-september","Index",39,"Lake","Plant axils",26.1,8.2,2.17609125905568,12.944893,77.584003,1,3,0,3,0,0,0,0,0,0,0,0,0,0,0,0,0,0,0
362,"july-september","Index",39,"Lake","Coconut Shells",28.3,8.1,2.69897000433602,12.94474,77.58405,0,0,0,0,0,0,0,0,0,0,0,0,0,0,0,0,0,0,0
366,"july-september","Index",40,"Barren Land","Discarded containers",31.6,7.3,4,12.947193,77.589584,1,15,0,15,0,0,0,0,0,0,0,0,0,0,0,0,0,0,0
375,"july-september","Index",41,"High dense","Grinding stones",25.2,8.3,1.69897000433602,12.952777,77.582065,0,0,0,0,0,0,0,0,0,0,0,0,0,0,0,0,0,0,0
379,"july-september","Index",46,"Low dense","Discarded containers",28.9,8.1,3.69897000433602,12.945076,77.540835,0,0,0,0,0,0,0,0,0,0,0,0,0,0,0,0,0,0,0
382,"july-september","Index",46,"Low dense","Discarded containers",27,8,2,12.945197,77.540613,0,0,0,0,0,0,0,0,0,0,0,0,0,0,0,0,0,0,0
384,"feb-march","Index",44,"Medium dense","Discarded containers",29,8.7,2.69897000433602,12.947006,77.535435,1,4,4,0,0,0,0,0,0,0,0,0,0,0,0,0,0,0,0
386,"july-september","Index",46,"Low dense","Discarded containers",26.5,7.3,3,12.945536,77.541083,1,0,0,0,0,0,0,0,0,0,0,0,0,0,0,0,0,0,0
387,"feb-march","Index",44,"Medium dense","Storage containers",30,8.9,5.17609125905568,12.945937,77.535262,0,0,0,0,0,0,0,0,0,0,0,0,0,0,0,0,0,0,0
388,"july-september","Index",47,"Low dense","Pots",26.5,7.8,3,12.937482,77.535479,0,0,0,0,0,0,0,0,0,0,0,0,0,0,0,0,0,0,0
389,"july-september","Index",47,"Low dense","Coconut Shells",28,6.9,2,12.937361,77.535689,0,0,0,0,0,0,0,0,0,0,0,0,0,0,0,0,0,0,0
390,"july-september","Index",47,"Low dense","Discarded containers",24,8.4,3.30102999566398,12.937736,77.535657,0,0,0,0,0,0,0,0,0,0,0,0,0,0,0,0,0,0,0
391,"july-september","Index",47,"Low dense","Discarded containers",25.4,8.3,2.39794000867204,12.937635,77.53565,0,0,0,0,0,0,0,0,0,0,0,0,0,0,0,0,0,0,0
393,"july-september","Index",47,"Low dense","Grinding stones",26.7,8.3,2.69897000433602,12.937641,77.535066,1,6,1,5,0,0,0,0,0,0,0,0,0,0,0,0,0,0,1
394,"july-september","Index",47,"Low dense","Discarded containers",28.2,8,2,12.937818,77.535026,1,5,5,0,0,0,0,0,0,0,0,0,0,0,0,0,0,0,0
395,"july-september","Index",47,"Low dense","Pots",27.8,7.9,2.69897000433602,12.937915,77.535317,1,9,9,0,0,0,0,0,0,0,0,0,0,0,0,0,0,0,0
396,"july-september","Index",47,"Low dense","Grinding stones",26.2,8.1,2.69897000433602,12.93789,77.535363,1,19,19,0,0,0,0,0,0,0,0,0,0,0,0,0,0,0,0
397,"july-september","Index",45,"Medium dense","Grinding stones",26.8,6.8,2.69897000433602,12.939473,77.534191,1,5,3,0,0,0,0,0,0,0,0,0,0,0,0,0,0,2,1
398,"july-september","Index",45,"Medium dense","Storage containers",25.6,7,5.30102999566398,12.939477,77.534164,1,2,2,0,0,0,0,0,0,0,0,0,0,0,0,0,0,0,0
399,"july-september","Index",45,"Medium dense","Grinding stones",25.6,6.9,2.69897000433602,12.939329,77.534362,1,5,2,3,0,0,0,0,0,0,0,0,0,0,0,0,0,0,1
404,"july-september","Index",45,"Medium dense","Coconut Shells",26.9,7.2,2.17609125905568,12.939404,77.535139,1,4,1,3,0,0,0,0,0,0,0,0,0,0,0,0,0,0,1
405,"feb-march","Index",47,"Low dense","Discarded containers",35,8.6,3.47712125471966,12.937728,77.535612,0,0,0,0,0,0,0,0,0,0,0,0,0,0,0,0,0,0,0
418,"feb-march","Index",38,"Lake","Stagnant water",28,8.2,5.17609125905568,12.948219,77.583415,0,0,0,0,0,0,0,0,0,0,0,0,0,0,0,0,0,0,0
419,"feb-march","Index",38,"Lake","Stagnant water",27.8,9.4,5.17609125905568,12.948149,77.583714,1,0,0,0,0,0,0,0,0,0,0,0,0,0,0,0,0,0,0
421,"feb-march","Index",38,"Lake","Stagnant water",27.8,8.7,5.17609125905568,12.94777,77.584061,1,4,0,0,0,0,0,0,0,0,0,0,4,0,0,0,0,0,0
422,"feb-march","Index",38,"Lake","Pots",26.1,8.1,2.69897000433602,12.947384,77.584609,0,0,0,0,0,0,0,0,0,0,0,0,0,0,0,0,0,0,0
423,"feb-march","Index",38,"Lake","Pots",28,8.4,3,12.947913,77.584933,0,0,0,0,0,0,0,0,0,0,0,0,0,0,0,0,0,0,0
429,"feb-march","Index",39,"Lake","Pots",27,7.9,3.30102999566398,12.945657,77.585292,0,0,0,0,0,0,0,0,0,0,0,0,0,0,0,0,0,0,0
430,"feb-march","Index",39,"Lake","Pots",27,7.8,3.30102999566398,12.945167,77.58518,0,0,0,0,0,0,0,0,0,0,0,0,0,0,0,0,0,0,0
432,"feb-march","Index",39,"Lake","Pots",27,7.6,2.69897000433602,12.944907,77.584636,0,0,0,0,0,0,0,0,0,0,0,0,0,0,0,0,0,0,0
447,"feb-march","Index",48,"Plantation","Storage containers",27.6,8.7,5.69897000433602,12.948333,77.566564,0,0,0,0,0,0,0,0,0,0,0,0,0,0,0,0,0,0,0
448,"feb-march","Index",48,"Plantation","Storage containers",26.2,8.4,6,12.948603,77.566515,0,0,0,0,0,0,0,0,0,0,0,0,0,0,0,0,0,0,0
591,"july-september","Index",42,"High dense","Grinding stones",26.2,8.1,2.60205999132796,12.945917,77.574171,1,4,0,4,0,0,0,0,0,0,0,0,0,0,0,0,0,0,0
592,"july-september","Index",42,"High dense","Pots",24.2,7.7,4.30102999566398,12.946004,77.573852,1,0,0,0,0,0,0,0,0,0,0,0,0,0,0,0,0,0,0
593,"july-september","Index",42,"High dense","Coconut Shells",24.4,8,2.17609125905568,12.946316,77.574223,0,0,0,0,0,0,0,0,0,0,0,0,0,0,0,0,0,0,0
597,"july-september","Index",42,"High dense","Grinding stones",25.4,7.5,2.39794000867204,12.94629,77.574945,1,11,9,2,0,0,0,0,0,0,0,0,0,0,0,0,0,0,1
605,"october-december","Index",21,"Low dense","Pots",24.1,8.3,2.17609125905568,13.061576,77.556167,0,0,0,0,0,0,0,0,0,0,0,0,0,0,0,0,0,0,0
607,"july-september","Index",44,"Medium dense","Pots",27.9,8.1,2.17609125905568,12.946654,77.536009,0,0,0,0,0,0,0,0,0,0,0,0,0,0,0,0,0,0,0
608,"july-september","Index",44,"Medium dense","Pots",24.6,8.7,2.17609125905568,12.946263,77.536015,0,0,0,0,0,0,0,0,0,0,0,0,0,0,0,0,0,0,0
611,"july-september","Index",44,"Medium dense","Discarded containers",27.2,8.4,2,12.946364,77.535711,0,0,0,0,0,0,0,0,0,0,0,0,0,0,0,0,0,0,0
612,"july-september","Index",44,"Medium dense","Discarded containers",27.3,8.6,2.17609125905568,12.946496,77.535666,0,0,0,0,0,0,0,0,0,0,0,0,0,0,0,0,0,0,0
613,"october-december","Index",42,"High dense","Pots",21,7.8,2.30102999566398,12.946461,77.57425,0,0,0,0,0,0,0,0,0,0,0,0,0,0,0,0,0,0,0
614,"october-december","Index",42,"High dense","Discarded containers",22.2,7.3,2.69897000433602,12.946027,77.574246,0,0,0,0,0,0,0,0,0,0,0,0,0,0,0,0,0,0,0
615,"october-december","Index",42,"High dense","Pots",22.4,7.6,3,12.945299,77.574267,1,1,1,0,0,0,0,0,0,0,0,0,0,0,0,0,0,0,0
616,"october-december","Index",42,"High dense","Discarded containers",21.5,7.3,2.69897000433602,12.945028,77.574772,0,0,0,0,0,0,0,0,0,0,0,0,0,0,0,0,0,0,0
619,"october-december","Index",42,"High dense","Discarded containers",22.2,7.3,2.47712125471966,12.946265,77.574692,0,0,0,0,0,0,0,0,0,0,0,0,0,0,0,0,0,0,0
620,"october-december","Index",42,"High dense","Discarded containers",23.1,7.7,2.8750612633917,12.94657,77.574692,0,0,0,0,0,0,0,0,0,0,0,0,0,0,0,0,0,0,0
621,"october-december","Index",42,"High dense","Pots",22.2,7.4,2.69897000433602,12.946564,77.574008,0,0,0,0,0,0,0,0,0,0,0,0,0,0,0,0,0,0,0
622,"october-december","Index",16,"High dense","Discarded containers",23.1,7.8,2.69897000433602,13.060637,77.558053,0,0,0,0,0,0,0,0,0,0,0,0,0,0,0,0,0,0,0
623,"october-december","Index",16,"High dense","Discarded containers",23.2,7.4,2.69897000433602,13.060624,77.558292,0,0,0,0,0,0,0,0,0,0,0,0,0,0,0,0,0,0,0
624,"october-december","Index",16,"High dense","Pots",24,7.4,1.69897000433602,13.060622,77.558533,0,0,0,0,0,0,0,0,0,0,0,0,0,0,0,0,0,0,0
625,"october-december","Index",16,"High dense","Discarded containers",24.1,7.2,2.47712125471966,13.06028,77.558847,0,0,0,0,0,0,0,0,0,0,0,0,0,0,0,0,0,0,0
626,"october-december","Index",16,"High dense","Discarded containers",23.8,7.7,2,13.059995,77.558722,0,0,0,0,0,0,0,0,0,0,0,0,0,0,0,0,0,0,0
627,"october-december","Index",16,"High dense","Discarded containers",23.8,7.7,2,13.059895,77.558712,0,0,0,0,0,0,0,0,0,0,0,0,0,0,0,0,0,0,0
628,"october-december","Index",16,"High dense","Pots",23.8,7.8,3,13.060128,77.558502,0,0,0,0,0,0,0,0,0,0,0,0,0,0,0,0,0,0,0
629,"october-december","Index",16,"High dense","Pots",23.9,7.3,2.39794000867204,13.060284,77.558089,0,0,0,0,0,0,0,0,0,0,0,0,0,0,0,0,0,0,0
632,"october-december","Index",32,"Medium dense","Grinding stones",23.8,8.2,2.69897000433602,13.040905,77.502785,1,9,9,0,0,0,0,0,0,0,0,0,0,0,0,0,0,0,0
633,"october-december","Index",32,"Medium dense","Pots",27.3,8.1,2,13.041343,77.503245,0,0,0,0,0,0,0,0,0,0,0,0,0,0,0,0,0,0,0
634,"october-december","Index",32,"Medium dense","Pots",23.2,8,2.60205999132796,13.041457,77.503006,0,0,0,0,0,0,0,0,0,0,0,0,0,0,0,0,0,0,0
637,"october-december","Index",32,"Medium dense","Discarded containers",23.4,7.9,2.69897000433602,13.040928,77.503116,0,0,0,0,0,0,0,0,0,0,0,0,0,0,0,0,0,0,0
638,"october-december","Index",34,"Low dense","Discarded containers",26.9,8.1,2.39794000867204,13.034211,77.500947,0,0,0,0,0,0,0,0,0,0,0,0,0,0,0,0,0,0,0
639,"october-december","Index",34,"Low dense","Pots",26.8,8.1,2.69897000433602,13.034842,77.500983,0,0,0,0,0,0,0,0,0,0,0,0,0,0,0,0,0,0,0
642,"october-december","Index",34,"Low dense","Discarded containers",26.9,8.1,2,13.035232,77.500128,0,0,0,0,0,0,0,0,0,0,0,0,0,0,0,0,0,0,0
644,"october-december","Index",34,"Low dense","Grinding stones",26.8,8.3,2.77815125038364,13.034455,77.499911,0,0,0,0,0,0,0,0,0,0,0,0,0,0,0,0,0,0,0
645,"october-december","Index",18,"Medium dense","Discarded containers",23.8,8.1,2.47712125471966,13.064188,77.555022,0,0,0,0,0,0,0,0,0,0,0,0,0,0,0,0,0,0,0
646,"october-december","Index",18,"Medium dense","Coconut Shells",24.4,7.7,2.39794000867204,13.065159,77.55546,0,0,0,0,0,0,0,0,0,0,0,0,0,0,0,0,0,0,0
647,"october-december","Index",18,"Medium dense","Grinding stones",26.5,7.8,2.30102999566398,13.064357,77.555032,0,0,0,0,0,0,0,0,0,0,0,0,0,0,0,0,0,0,0
648,"october-december","Index",18,"Medium dense","Coconut Shells",24.6,7.2,2.30102999566398,13.064502,77.554723,0,0,0,0,0,0,0,0,0,0,0,0,0,0,0,0,0,0,0
649,"october-december","Index",18,"Medium dense","Discarded containers",24.8,7.5,2.47712125471966,13.064872,77.554811,0,0,0,0,0,0,0,0,0,0,0,0,0,0,0,0,0,0,0
651,"october-december","Index",18,"Medium dense","Discarded containers",23.5,8,2.30102999566398,13.065457,77.554882,1,3,0,0,0,0,0,0,0,0,0,0,0,0,0,0,0,3,0
652,"october-december","Index",18,"Medium dense","Discarded containers",23.4,7.9,2.47712125471966,13.065452,77.554667,0,0,0,0,0,0,0,0,0,0,0,0,0,0,0,0,0,0,0
654,"october-december","Index",19,"Medium dense","Discarded containers",25.4,7.8,2.69897000433602,13.058666,77.553327,0,0,0,0,0,0,0,0,0,0,0,0,0,0,0,0,0,0,0
655,"october-december","Index",19,"Medium dense","Discarded containers",22.5,8.2,3,13.058905,77.553235,1,10,10,0,0,0,0,0,0,0,0,0,0,0,0,0,0,0,0
656,"october-december","Index",19,"Medium dense","Storage containers",23.8,8.1,2.69897000433602,13.058536,77.552855,1,10,10,0,0,0,0,0,0,0,0,0,0,0,0,0,0,0,0
660,"october-december","Index",41,"High dense","Discarded containers",27.3,7.1,2.30102999566398,12.952319,77.58191,0,0,0,0,0,0,0,0,0,0,0,0,0,0,0,0,0,0,0
662,"october-december","Index",41,"High dense","Coconut Shells",22.5,6.8,2,12.952453,77.58126,0,0,0,0,0,0,0,0,0,0,0,0,0,0,0,0,0,0,0
663,"october-december","Index",41,"High dense","Discarded containers",23.4,7.9,2.17609125905568,12.952666,77.58142,0,0,0,0,0,0,0,0,0,0,0,0,0,0,0,0,0,0,0
664,"october-december","Index",41,"High dense","Discarded containers",24.2,8.1,2.60205999132796,12.952692,77.581768,0,0,0,0,0,0,0,0,0,0,0,0,0,0,0,0,0,0,0
665,"october-december","Index",47,"Low dense","Pots",22.5,7.3,2,12.93766,77.53509,0,0,0,0,0,0,0,0,0,0,0,0,0,0,0,0,0,0,0
666,"october-december","Index",47,"Low dense","Pots",23.1,7.5,2,12.937669,77.535329,1,0,0,0,0,0,0,0,0,0,0,0,0,0,0,0,0,0,0
667,"october-december","Index",47,"Low dense","Grinding stones",23.3,7.4,2.69897000433602,12.937711,77.535612,0,0,0,0,0,0,0,0,0,0,0,0,0,0,0,0,0,0,0
669,"october-december","Index",47,"Low dense","Discarded containers",23.3,7.4,2.69897000433602,12.937338,77.535788,0,0,0,0,0,0,0,0,0,0,0,0,0,0,0,0,0,0,0
670,"october-december","Index",47,"Low dense","Discarded containers",23.4,7.1,3,12.937465,77.535408,0,0,0,0,0,0,0,0,0,0,0,0,0,0,0,0,0,0,0
671,"october-december","Index",47,"Low dense","Coconut Shells",23.3,7.5,2.30102999566398,12.937466,77.535153,0,0,0,0,0,0,0,0,0,0,0,0,0,0,0,0,0,0,0
674,"october-december","Index",40,"Barren Land","Discarded containers",25.3,7.8,2.17609125905568,12.947209,77.589857,0,0,0,0,0,0,0,0,0,0,0,0,0,0,0,0,0,0,0
676,"october-december","Index",40,"Barren Land","Discarded containers",23.8,8.1,2.17609125905568,12.946862,77.589915,0,0,0,0,0,0,0,0,0,0,0,0,0,0,0,0,0,0,0
678,"october-december","Index",40,"Barren Land","Discarded containers",24.3,8.1,2.39794000867204,12.946934,77.589405,0,0,0,0,0,0,0,0,0,0,0,0,0,0,0,0,0,0,0
680,"october-december","Index",40,"Barren Land","Discarded containers",23.4,7.2,2.17609125905568,12.947341,77.589261,0,0,0,0,0,0,0,0,0,0,0,0,0,0,0,0,0,0,0
681,"october-december","Index",31,"High dense","Pots",22.8,8.4,2.17609125905568,13.031973,77.506241,0,0,0,0,0,0,0,0,0,0,0,0,0,0,0,0,0,0,0
682,"october-december","Index",31,"High dense","Storage containers",22,8.2,4.39794000867204,13.03174,77.506104,0,0,0,0,0,0,0,0,0,0,0,0,0,0,0,0,0,0,0
684,"october-december","Index",31,"High dense","Discarded tires",23.1,8.4,2.17609125905568,13.031722,77.506448,0,0,0,0,0,0,0,0,0,0,0,0,0,0,0,0,0,0,0
685,"october-december","Index",31,"High dense","Discarded containers",22.8,8.1,2.39794000867204,13.031919,77.506776,0,0,0,0,0,0,0,0,0,0,0,0,0,0,0,0,0,0,0
687,"october-december","Index",31,"High dense","Coconut Shells",22.8,6.7,2.17609125905568,13.031211,77.506699,0,0,0,0,0,0,0,0,0,0,0,0,0,0,0,0,0,0,0
